vehicle_id,vehicle_registration_plate,fb_page_id,title,description,url,image[0].url,image[1].url,image[2].url,image[3].url,image[4].url,image[5].url,image[6].url,image[7].url,image[8].url,image[9].url,address.addr1,address.city,address.region,address.postal_code,address.country,make,model,year,price,state_of_vehicle,availability,mileage.value,mileage.unit,transmission,fuel_type,drivetrain,body_style,exterior_color
WP18GHN,WP18GHN,467782659760947,2018 Fiat 500 Lounge,1.2 Lounge Euro 6 (s/s) 3dr,https://albarautos.co.uk/car-details/fiat-500-hatchback-2018-petrol-green-manual-202609095892036,https://m.atcdn.co.uk/a/media/w1024/bef167e9b6d7401aabefc1997b6ce60b.jpg,https://m.atcdn.co.uk/a/media/w1024/eca05299b3e042fa94f400fa6e31b8f1.jpg,https://m.atcdn.co.uk/a/media/w1024/c17442435d634f259e7172a633c443c0.jpg,https://m.atcdn.co.uk/a/media/w1024/1b8304ca14084917b2cb97ca72feeeb7.jpg,https://m.atcdn.co.uk/a/media/w1024/11bbc631729441f4aff83f2c92222f39.jpg,https://m.atcdn.co.uk/a/media/w1024/e62b0db22c7049efbdedddc809773146.jpg,https://m.atcdn.co.uk/a/media/w1024/afeab38748d44bb585d2e5504fe4f10a.jpg,https://m.atcdn.co.uk/a/media/w1024/7fbe55690d674025b1c1c9f823058dc1.jpg,https://m.atcdn.co.uk/a/media/w1024/0855e11a84f84216a66c841ad177e25b.jpg,https://m.atcdn.co.uk/a/media/w1024/a209572073404077a6de5b92369dab11.jpg,177 Leicester Road,Mountsorrel,Leicestershire,LE12 7DB,GB,Fiat,500,2018,5795 GBP,USED,AVAILABLE,67477,MI,MANUAL,PETROL,FWD,Hatchback,Green
FV72HRW,FV72HRW,467782659760947,2022 Audi Q2 Sport,1.0 TFSI 30 Sport Euro 6 (s/s) 5dr,https://albarautos.co.uk/car-details/audi-q2-suv-2022-petrol-black-manual-202605292813140,https://m.atcdn.co.uk/a/media/w1024/c2ed0cf9dc674db786ef761ab15b77a3.jpg,https://m.atcdn.co.uk/a/media/w1024/d3736816712e4985a4143d34e0850f2d.jpg,https://m.atcdn.co.uk/a/media/w1024/31d8f724b08c4acca59bb41a0dc0bef6.jpg,https://m.atcdn.co.uk/a/media/w1024/56ec590cf7ed44ecbb1fa7e098b864a3.jpg,https://m.atcdn.co.uk/a/media/w1024/b9e4858f961c405db9bf4b61f0b80622.jpg,https://m.atcdn.co.uk/a/media/w1024/ea8978e111054f969b6ddd887916292e.jpg,https://m.atcdn.co.uk/a/media/w1024/1713537d3a57435cb25bcca93adca8c2.jpg,https://m.atcdn.co.uk/a/media/w1024/629015c18dbc43fea69a09ed169091e5.jpg,https://m.atcdn.co.uk/a/media/w1024/1efa4b9dabbb412fb88ced5dd03d27c5.jpg,https://m.atcdn.co.uk/a/media/w1024/2d15fde1fe954f1087ed229360b87109.jpg,177 Leicester Road,Mountsorrel,Leicestershire,LE12 7DB,GB,Audi,Q2,2022,16595 GBP,USED,AVAILABLE,11000,MI,MANUAL,PETROL,FWD,SUV,Black
AP70HGD,AP70HGD,467782659760947,2020 BMW 2 Series Gran Coupe M Sport,2.0 220d M Sport Auto Euro 6 (s/s) 4dr,https://albarautos.co.uk/car-details/bmw-2-series-gran-coupe-saloon-2020-diesel-blue-automatic-202605032090917,https://m.atcdn.co.uk/a/media/w1024/662f0f723d734a8cbc8459fcb84d5dbc.jpg,https://m.atcdn.co.uk/a/media/w1024/e6587965d8a640778f30e4240482ca73.jpg,https://m.atcdn.co.uk/a/media/w1024/3b91de5087ec481a9e951eb224822afe.jpg,https://m.atcdn.co.uk/a/media/w1024/9d8bec8bbaa543d5bd68ef75f30e0bfa.jpg,https://m.atcdn.co.uk/a/media/w1024/b50f7109920d49e99dc115432c6b8796.jpg,https://m.atcdn.co.uk/a/media/w1024/036bd4d1dbcc4a0ab97c2d04ba562518.jpg,https://m.atcdn.co.uk/a/media/w1024/311b134be84d441c8284ca2b446f8643.jpg,https://m.atcdn.co.uk/a/media/w1024/8042e1fba7e24f1ca2fae1827485f8c4.jpg,https://m.atcdn.co.uk/a/media/w1024/cebf127560b24bb89b1c36bc5157bd3a.jpg,https://m.atcdn.co.uk/a/media/w1024/fbde865bdca4442a9ce453eca1fd4a9f.jpg,177 Leicester Road,Mountsorrel,Leicestershire,LE12 7DB,GB,BMW,2 Series Gran Coupe,2020,18395 GBP,USED,AVAILABLE,51043,MI,AUTOMATIC,DIESEL,FWD,Saloon,Blue
FN75DOH,FN75DOH,467782659760947,2025 Kia EV3 GT-Line,81.4kWh GT-Line SUV 5dr Electric Auto (201 bhp),https://albarautos.co.uk/car-details/kia-ev3-suv-2025-electric-grey-automatic-202604171636162,https://m.atcdn.co.uk/a/media/w1024/39edcad668b24a3bbde4fed577387606.jpg,https://m.atcdn.co.uk/a/media/w1024/593d6b24b1a844cfb3c90733ad9411ef.jpg,https://m.atcdn.co.uk/a/media/w1024/f1c67b2f9d3648dfb0b59eecf2f46ab0.jpg,https://m.atcdn.co.uk/a/media/w1024/65956a46a6c3473fbe4bae798b08acbd.jpg,https://m.atcdn.co.uk/a/media/w1024/9678fbebbf83437cb96dcc9dbbbfc8f8.jpg,https://m.atcdn.co.uk/a/media/w1024/e00b3c9534c6459da58faf4e011ffdc5.jpg,https://m.atcdn.co.uk/a/media/w1024/57007fcd93264ac9a3950ceae2dd14ca.jpg,https://m.atcdn.co.uk/a/media/w1024/f3c0d070926c46d9a73b3f6835f9e1f8.jpg,https://m.atcdn.co.uk/a/media/w1024/0d1aa7dad7e74559b48534019f62d4cb.jpg,https://m.atcdn.co.uk/a/media/w1024/9d28b02ea03c42209bedebc0e834d286.jpg,177 Leicester Road,Mountsorrel,Leicestershire,LE12 7DB,GB,Kia,EV3,2025,31395 GBP,USED,AVAILABLE,11244,MI,AUTOMATIC,ELECTRIC,FWD,SUV,Grey
PM22PEN,PM22PEN,467782659760947,2022 MINI Convertible Cooper Sport,1.5 Cooper Sport Steptronic Euro 6 (s/s) 2dr,https://albarautos.co.uk/car-details/mini-convertible-convertible-2022-petrol-yellow-automatic-202605292808885,https://m.atcdn.co.uk/a/media/w1024/cd85b0d7e3144cb7898a5e372ad32208.jpg,https://m.atcdn.co.uk/a/media/w1024/accf46290ccf4a16a31034376a4491e8.jpg,https://m.atcdn.co.uk/a/media/w1024/12c852dd4d35402e8546f12c55d5f3c8.jpg,https://m.atcdn.co.uk/a/media/w1024/75c27b5fe76440578e5f87ff9f44b85d.jpg,https://m.atcdn.co.uk/a/media/w1024/07c2dafab0fb44d8b5fd8f3c33695307.jpg,https://m.atcdn.co.uk/a/media/w1024/0ba87568132e44efa7d635063c482d5f.jpg,https://m.atcdn.co.uk/a/media/w1024/4326411e6b6f4f919e434e079a437401.jpg,https://m.atcdn.co.uk/a/media/w1024/3810caf88315469a92d5b243e9988bac.jpg,https://m.atcdn.co.uk/a/media/w1024/083318ad2d5946849e38bc9678b50fbf.jpg,https://m.atcdn.co.uk/a/media/w1024/8efc30eb0fd74be69710b5c0b9c71402.jpg,177 Leicester Road,Mountsorrel,Leicestershire,LE12 7DB,GB,MINI,Convertible,2022,16595 GBP,USED,AVAILABLE,47946,MI,AUTOMATIC,PETROL,FWD,Convertible,Yellow
KM72MKP,KM72MKP,467782659760947,2022 Audi A3 Sport,1.0 TFSI 30 Sport Sportback 5dr Petrol Manual Euro 6 (s/s) (110 ps),https://albarautos.co.uk/car-details/audi-a3-hatchback-2022-petrol-black-manual-202510147134809,https://m.atcdn.co.uk/a/media/w1024/ef32d6d301824302b3d4a969f0ddd40f.jpg,https://m.atcdn.co.uk/a/media/w1024/860d8f4a0a964bcc895192700dd97240.jpg,https://m.atcdn.co.uk/a/media/w1024/3237e58919384da695616e36a5e53df9.jpg,https://m.atcdn.co.uk/a/media/w1024/d500b37dbd034c889360bb8bb29ab296.jpg,https://m.atcdn.co.uk/a/media/w1024/fd5ddc66423441c3a0525c28590e1bed.jpg,https://m.atcdn.co.uk/a/media/w1024/60123e71233d46d89110548b8e621c54.jpg,https://m.atcdn.co.uk/a/media/w1024/b5f6931e6a7c45a09410018478371cd8.jpg,https://m.atcdn.co.uk/a/media/w1024/a7cd2cc757134bb5a6ee5c80c6d64215.jpg,https://m.atcdn.co.uk/a/media/w1024/dbe352d2b6c742449c3d596b76d0ef46.jpg,https://m.atcdn.co.uk/a/media/w1024/5165c0c71bfb4cf28e9d3fcf3f7dc89f.jpg,177 Leicester Road,Mountsorrel,Leicestershire,LE12 7DB,GB,Audi,A3,2022,16495 GBP,USED,AVAILABLE,34063,MI,MANUAL,PETROL,FWD,Hatchback,Black
VN66WNG,VN66WNG,467782659760947,2016 Audi A6 Allroad Sport,3.0 TDI V6 Sport S Tronic quattro Euro 6 (s/s) 5dr,https://albarautos.co.uk/car-details/audi-a6-allroad-estate-2016-diesel-black-automatic-202601209292607,https://m.atcdn.co.uk/a/media/w1024/4e10ddd09ca245ef8ddc9fe51f4a3acf.jpg,https://m.atcdn.co.uk/a/media/w1024/214f525046564f19942fe59fe15c0b12.jpg,https://m.atcdn.co.uk/a/media/w1024/074c8c4034ed42bd8d544747e025e687.jpg,https://m.atcdn.co.uk/a/media/w1024/52882124d3fb4ce1a4218ac8bca2fd39.jpg,https://m.atcdn.co.uk/a/media/w1024/d933129e0a5e46219154fc3e0e203e98.jpg,https://m.atcdn.co.uk/a/media/w1024/be8d825a33d04bf087aee9976cc1fd1b.jpg,https://m.atcdn.co.uk/a/media/w1024/bdd97894acb34a78a45a16d26bface64.jpg,https://m.atcdn.co.uk/a/media/w1024/f0456eed3b2a4eed894f1270647765f3.jpg,https://m.atcdn.co.uk/a/media/w1024/78b5aa8b596d401f8de8c935dbca0ac4.jpg,https://m.atcdn.co.uk/a/media/w1024/105272c37a8d4f6f908a2031518da2de.jpg,177 Leicester Road,Mountsorrel,Leicestershire,LE12 7DB,GB,Audi,A6 Allroad,2016,18995 GBP,USED,AVAILABLE,69788,MI,AUTOMATIC,DIESEL,4X4,Estate,Black
LB21RXR,LB21RXR,467782659760947,2021 Tesla Model 3 Long Range,(Dual Motor) Long Range Auto 4WDE 4dr,https://albarautos.co.uk/car-details/tesla-model-3-saloon-2021-electric-grey-automatic-202609176114609,https://m.atcdn.co.uk/a/media/w1024/191dba904513438695dc26b6a0f990bb.jpg,https://m.atcdn.co.uk/a/media/w1024/7fc987f3ac07438fbed6b20dff9bc577.jpg,https://m.atcdn.co.uk/a/media/w1024/f72e6685facb46498991065883ce5414.jpg,https://m.atcdn.co.uk/a/media/w1024/70b9e88158fc4c1a8abf8f2af7b28981.jpg,https://m.atcdn.co.uk/a/media/w1024/93b520e47900449793f3ff8ddfb231ce.jpg,https://m.atcdn.co.uk/a/media/w1024/2cfa924e6b8e4a66b1f87a697c05a275.jpg,https://m.atcdn.co.uk/a/media/w1024/4eec7dc5062240ebb0e6be638a47bfb7.jpg,https://m.atcdn.co.uk/a/media/w1024/32673e115e904a6ea45ae53d3aeb3ebe.jpg,,,177 Leicester Road,Mountsorrel,Leicestershire,LE12 7DB,GB,Tesla,Model 3,2021,16995 GBP,USED,AVAILABLE,69574,MI,AUTOMATIC,ELECTRIC,4X4,Saloon,Grey
KV63PHZ,KV63PHZ,467782659760947,2013 Volvo V60 R-Design Nav,1.6 D2 R-Design Nav Powershift Euro 5 (s/s) 5dr,https://albarautos.co.uk/car-details/volvo-v60-estate-2013-diesel-red-automatic-202608265457000,https://m.atcdn.co.uk/a/media/w1024/9d941b608f76485d9b9062d1ffa29b96.jpg,https://m.atcdn.co.uk/a/media/w1024/fda5d319a90a4e04bdd9a0549a262a55.jpg,https://m.atcdn.co.uk/a/media/w1024/ab4c1df742ac4e26939a2fac207f74c1.jpg,https://m.atcdn.co.uk/a/media/w1024/069465e562b849e2bb7178d52f785a7b.jpg,https://m.atcdn.co.uk/a/media/w1024/579d9d6a570b4af58989c8965fbe7d0b.jpg,https://m.atcdn.co.uk/a/media/w1024/c830d85888134cbdbd89aeabd9837487.jpg,https://m.atcdn.co.uk/a/media/w1024/fffa37d402814cdbad6fa60c2f8793f4.jpg,https://m.atcdn.co.uk/a/media/w1024/773779ee50ee4b41ac4d492883bd3fe4.jpg,https://m.atcdn.co.uk/a/media/w1024/3e3b68cc0dde46abb00f6a382c8ee670.jpg,,177 Leicester Road,Mountsorrel,Leicestershire,LE12 7DB,GB,Volvo,V60,2013,7895 GBP,USED,AVAILABLE,73945,MI,AUTOMATIC,DIESEL,FWD,Estate,Red
